lawer,lawer_tp
ЛЕНИНСКИЙ РАЙОННЫЙ СУД ГОРОДА НИЖНИЙ ТАГИЛ СВЕРДЛОВСКОЙ ОБЛАСТИ,ЛЕНИНСКИМ РАЙОННЫМ СУДОМ ГОРОДА НИЖНИЙ ТАГИЛ СВЕРДЛОВСКОЙ ОБЛАСТИ
ДЗЕРЖИНСКИЙ РАЙОННЫЙ СУД ГОРОДА НИЖНИЙ ТАГИЛ СВЕРДЛОВСКОЙ ОБЛАСТИ,ДЗЕРЖИНСКИМ РАЙОННЫМ СУДОМ ГОРОДА НИЖНИЙ ТАГИЛ СВЕРДЛОВСКОЙ ОБЛАСТИ
Железнодорожный районный суд ГОРОДА Екатеринбурга СВЕРДЛОВСКОЙ ОБЛАСТИ,Железнодорожным районным судом города Екатеринбург Свердловской области
Чкаловский районный суд ГОРОДА Екатеринбурга СВЕРДЛОВСКОЙ ОБЛАСТИ,Чкаловским районным судом города Екатеринбург Свердловской области
Синарский районный суд ГОРОДА Каменск-Уральского СВЕРДЛОВСКОЙ ОБЛАСТИ,Синарским районным судом города Каменск-Уральский Свердловской области
Артинский районный суд СВЕРДЛОВСКОЙ ОБЛАСТИ,Артинским районным судом Свердловской области
Центральный районный суд ГОРОДА Твери Тверской области,Центральным районным судом города Тверь Тверской области
Жарковский районный суд Тверской области,Жарковским районным судом Тверской области
Калининский районный суд Тверской области,Калининским районным судом Тверской области
Кимрский городской суд Тверской области,Кимирским городским судом Тверской области
Кошехабльский районный суд республики Адыгеи,Кошехабельским районным судом республики Адыгеи
Майкопский районный суд республики Адыгеи,Майкопским районным судом республики Адыгеи
Шовгеновский районный суд республики Адыгеи,Шовгеновским районным судом республики Адыгеи
Суд района имени Лазо Хабаровского края,Судом района имени Лазо Хабаровского края
Дальневосточный окружной военный суд Хабаровского края,Дальневосточным окружным военным судом Хабаровского края
Краснореченский гарнизонный военный суд Хабаровского края,Краснореченским гарнизонным военным судом Хабаровского края
Ленинский районный суд города Комсомольска-на-Амуре Хабаровского края,Ленинским районным судом города Комсомольск-на-Амуре Хабаровского края
Ванинский районный суд Хабаровского края,Ванинским районным судом Хабаровского края
Василеостровский районный суд Города Санкт-Петербург,Василиеостровским районным судом города Санкт-Петербург
Череповецкий городской суд Волгоградской области,Череповецким городским судом Волгоградской области
АБАКАНСКИЙ ГОРОДСКОЙ СУД Г.АБАКАН,АБАКАНСКИМ ГОРОДСКим СУДом Г.АБАКАН
АБАКАНСКИЙ ГОРОДСКОЙ СУД РЕСПУБЛИКИ ХАКАСИЯ,АБАКАНСКИм ГОРОДСКим СУДом РЕСПУБЛИКИ ХАКАСИЯ
Абанский районный суд   Красноярского края,Абанским районным судом Красноярского края
АБИНСКИЙ РАЙОННЫЙ СУД КРАСНОДАРСКОГО КРАЯ,АБИНСКИм РАЙОННЫм СУДом КРАСНОДАРСКОГО КРАЯ
АБИНСКИЙ РАЙОННЫЙ СУД КК,АБИНСКИм РАЙОННЫм СУДом КК
АВИАСТРОИТЕЛЬНЫЙ РАЙОННЫЙ СУД города КАЗАНЬ,АВИАСТРОИТЕЛЬНЫм РАЙОННЫм СУДом города КАЗАНЬ
АВИАСТРОИТЕЛЬНЫЙ РАЙОННЫЙ СУД Города КАЗАНЬ,АВИАСТРОИТЕЛЬНЫм РАЙОННЫм СУДом города КАЗАНЬ
Автозаводский районный суд Города Нижний Новгород,Автозаводским районным судом Города Нижний Новгород
Автозаводский районный суд Города Тольятти,Автозаводским районным судом Города Тольятти
АВТОЗАВОДСКИЙ РАЙОННЫЙ СУД ГОРОДА НИЖНИЙ НОВГОРОД,Автозаводским районным судом НИЖНИЙ НОВГОРОД
АВТОЗАВОДСКИЙ РАЙОННЫЙ СУД Города Н.НОВГОРОД,Автозаводским районным судом Н.НОВГОРОД
АВТОЗАВОДСКИЙ РАЙОННЫЙ СУД Города Н.НОВГОРОДА,Автозаводским районным судом Н.НОВГОРОД
АВТОЗАВОДСКИЙ РАЙОННЫЙ СУД Города ТОЛЬЯТТИ САМАРСКОЙ ОБЛ.,Автозаводским районным судом ТОЛЬЯТТИ
АВТОЗАВОДСКОЙ РАЙОННЫЙ СУД Города ТОЛЬЯТТИ,Автозаводским районным судом ТОЛЬЯТТИ
АДЛЕРСКИЙ РАЙОННЫЙ СУД Города СОЧИ КРАСНОДАРСКОГО КРАЯ,АДЛЕРСКИм РАЙОННЫм СУДом Города СОЧИ КРАСНОДАРСКОГО КРАЯ
АДЛЕРСКИЙ РАЙОННЫЙ СУД Города СОЧИ,АДЛЕРСКИм РАЙОННЫм СУДом Города СОЧИ
АЗНАКАЕВСКИЙ ГОРОДСКОЙ СУД РЕСП.ТАТАРСТАН,АЗНАКАЕВСКИм ГОРОДСКим СУДом РЕСП.ТАТАРСТАН
АЗОВСКИЙ ГОРОДСКОЙ СУД,АЗОВСКИм ГОРОДСКим СУДом
АЗОВСКИЙ ГОРОДСКОЙ СУД Города АЗОВ,АЗОВСКИм ГОРОДСКим СУДом Города АЗОВ
АЗОВСКИЙ ГОРОДСКОЙ СУД РОСТОВСКОЙ ОБЛАСТИ,АЗОВСКИм ГОРОДСКим СУДом РОСТОВСКОЙ ОБЛАСТИ
АЛАГИРСКИЙ РАЙОННЫЙ СУД РСО-АЛАНИЯ,АЛАГИРСКИм РАЙОННЫм СУДом РСО-АЛАНИЯ
АЛАПАЕВСКИЙ ГОРОДСКОЙ СУД,АЛАПАЕВСКИм ГОРОДСКим СУДом
Алейский городской суд,Алейским городским судом
АННИНСКИЙ РАЙОННЫЙ СУД ВОРОНЕЖСКОЙ ОБЛАСТИ,АННИНСКИм РАЙОННЫм СУДом ВОРОНЕЖСКОЙ ОБЛАСТИ
АПАСТОВСКИЙ Р-ЫЙ СУД РЕСП.ТАТАРСТАН,АПАСТОВСКИм Р-Ым СУДом РЕСП.ТАТАРСТАН
Апатитский городской суд Мурманской области,Апатитским городским судом Мурманской области
Арбитражный суд  города Санкт-Петербурга и Ленинградской области,Арбитражным судом  города Санкт-Петербурга и Ленинградской области
Арбитражный суд Алтайского края,Арбитражным судом Алтайского края
Арбитражный суд Амурской области,Арбитражным судом Амурской области
Арбитражный суд Архангельской области,Арбитражным судом Архангельской области
АРБИТРАЖНЫЙ СУД БЕЛГОРОДСКОЙ ОБЛАСТИ,АРБИТРАЖНЫм СУДом БЕЛГОРОДСКОЙ ОБЛАСТИ
Арбитражный суд Брянской области,Арбитражным судом Брянской области
АРБИТРАЖНЫЙ СУД ВЛАДИМИРСКОЙ ОБЛАСТИ,АРБИТРАЖНЫм СУДом ВЛАДИМИРСКОЙ ОБЛАСТИ
АБАКАНСКИЙ ГОРОДСКОЙ СУД,АБАКАНСКИм ГОРОДСКим СУДом
АБАКАНСКИЙ ГОРОДСКОЙ СУД города АБАКАН,АБАКАНСКИм ГОРОДСКим СУДом города АБАКАН
АБАКАНСКИЙ ГОРОДСКОЙ СУД РЕСПУБЛИКИ ХАКАСИЯ,АБАКАНСКИм ГОРОДСКим СУДом РЕСПУБЛИКИ ХАКАСИЯ
Абанский районный суд   Красноярского края,Абанским районным судом Красноярского края
АБИНСКИЙ РАЙОННЫЙ СУД КРАСНОДАРСКОГО КРАЯ,АБИНСКИм РАЙОННЫм СУДом КРАСНОДАРСКОГО КРАЯ
АБИНСКИЙ РАЙОННЫЙ СУД КК,АБИНСКИм РАЙОННЫм СУдом КК
АВИАСТРОИТЕЛЬНЫЙ РАЙОННЫЙ СУД города КАЗАНИ,АВИАСТРОИТЕЛЬНЫм РАЙОННЫм СУДом города КАЗАНИ
АВИАСТРОИТЕЛЬНЫЙ РАЙОННЫЙ СУД города КАЗАНЬ,АВИАСТРОИТЕЛЬНЫм РАЙОННЫм СУДом города КАЗАНЬ
Автозаводский районный суд города Нижний Новгород,Автозаводским районным судом города Нижний Новгород
Автозаводский районный суд города Тольятти,Автозаводским районным судом города Тольятти
АВТОЗАВОДСКИЙ РАЙОННЫЙ СУД ГОРОДА НИЖНИЙ НОВГОРОД, АВТОЗАВОДСКИм РАЙОННЫм СУДом ГОРОДА НИЖНИЙ НОВГОРОД
АВТОЗАВОДСКИЙ РАЙОННЫЙ СУД города ТОЛЬЯТТИ САМАРСКОЙ ОБЛасти,АВТОЗАВОДСКИм РАЙОННЫм СУДом города ТОЛЬЯТТИ САМАРСКОЙ ОБЛасти
АВТОЗАВОДСКОЙ РАЙОННЫЙ СУД города ТОЛЬЯТТИ,АВТОЗАВОДСКим РАЙОННЫм СУДом города ТОЛЬЯТТИ
АДЛЕРСКИЙ РАЙОННЫЙ СУД города СОЧИ КРАСНОДАРСКОГО КРАЯ,АДЛЕРСКИм РАЙОННЫм СУДом города СОЧИ КРАСНОДАРСКОГО КРАЯ
АЗНАКАЕВСКИЙ ГОРОДСКОЙ СУД РЕСП.ТАТАРСТАН,АЗНАКАЕВСКИм ГОРОДСКим СУДом РЕСП.ТАТАРСТАН
АЗОВСКИЙ ГОРОДСКОЙ СУД,АЗОВСКИм ГОРОДСКим СУДом
АЗОВСКИЙ ГОРОДСКОЙ СУД города АЗОВ,АЗОВСКИм ГОРОДСКим СУДом города АЗОВ
АЗОВСКИЙ ГОРОДСКОЙ СУД РОСТОВСКОЙ ОБЛАСТИ,АЗОВСКИм ГОРОДСКим СУДом РОСТОВСКОЙ ОБЛАСТИ
АКЕАЙСКИЙ РАЙОННЫЙ СУД РОСТОВСКОЙ ОБЛАСТИ,АКЕАЙСКИм РАЙОННЫм СУДом РОСТОВСКОЙ ОБЛАСТИ
Аксайский районный суд Ростовской области,Аксайским районным судом Ростовской области
АЛАГИРСКИЙ РАЙОННЫЙ СУД РСО-АЛАНИЯ,АЛАГИРСКИм РАЙОННЫм СУДом РСО-АЛАНИЯ
АЛАПАЕВСКИЙ ГОРОДСКОЙ СУД,АЛАПАЕВСКИм ГОРОДСКим СУДом
Алейский городской суд,Алейским городским судом
Алексинский межрайонный суд Тульской области,Алексинским межрайонным судом Тульской области
АЛУШТИНСКИЙ ГОРОДСКОЙ СУД РЕСП.КРЫМ,АЛУШТИНСКИм ГОРОДСКим СУДом РЕСП.КРЫМ
АЛЬКЕЕВСКИЙ РАЙОННЫЙ СУД РЕСП.ТАТАРСТАН,АЛЬКЕЕВСКИм РАЙОННЫм СУДом РЕСП.ТАТАРСТАН
АЛЬМЕТЬЕВСКИЙ ГОРОДСКОЙ СУД РЕСП.ТАТАРСТАН,АЛЬМЕТЬЕВСКИм ГОРОДСКим СУДом РЕСП.ТАТАРСТАН
АЛЬШЕЕВСКИЙ РАЙОННЫЙ СУД РЕСПУБЛИКИ БАШКОРТОСТАН,АЛЬШЕЕВСКИм РАЙОННЫм СУДом РЕСПУБЛИКИ БАШКОРТОСТАН
АЛЬШЕЕВСКИЙ РАЙОННЫЙ СУД РБ,АЛЬШЕЕВСКИм РАЙОННЫм СУДом РБ
АНАПСКИЙ ГОРОДСКОЙ СУД Г.АНАПА,АНАПСКИм ГОРОДСКим СУДом Г.АНАПА
АНАПСКИЙ РАЙОННЫЙ СУД КРАСНОДАРСКОГО КРАЯ,АНАПСКИм РАЙОННЫм СУДом КРАСНОДАРСКОГО КРАЯ
АНГАРСКИЙ ГОРОДСКОЙ СУД ИРКУТСКОЙ ОБЛАСТИ,АНГАРСКИм ГОРОДСКим СУДом ИРКУТСКОЙ ОБЛАСТИ
АННИНСКИЙ РАЙОННЫЙ СУД ВОРОНЕЖСКОЙ ОБЛАСТИ,АННИНСКИм РАЙОННЫм СУДом ВОРОНЕЖСКОЙ ОБЛАСТИ
АПАСТОВСКИЙ РАЙОННЫЙ СУД РЕСП.ТАТАРСТАН,АПАСТОВСКИм РАЙОННЫм СУДом РЕСП.ТАТАРСТАН
Апатитский городской суд   Мурманской области,Апатитским городским судом Мурманской области
Арбитражный суд  города Санкт-Петербурга и Ленинградской области,Арбитражным судом города Санкт-Петербурга и Ленинградской области
Арбитражный суд Алтайского края,Арбитражным судом Алтайского края
Арбитражный суд Амурской области,Арбитражным судом Амурской области
Арбитражный суд Архангельской области,Арбитражным судом Архангельской области
АРБИТРАЖНЫЙ СУД БЕЛГОРОДСКОЙ ОБЛАСТИ,АРБИТРАЖНЫм СУДом БЕЛГОРОДСКОЙ ОБЛАСТИ
Арбитражный суд Брянской области,Арбитражным судом Брянской области
АРБИТРАЖНЫЙ СУД ВЛАДИМИРСКОЙ ОБЛАСТИ,АРБИТРАЖНЫм СУДом ВЛАДИМИРСКОЙ ОБЛАСТИ
Арбитражный суд Волгоградской области,Арбитражным судом Волгоградской области
Арбитражный суд Воронежской области,Арбитражным судом Воронежской области
Арбитражный суд города Москвы,Арбитражным судом города Москвы
Арбитражный суд города Санкт-Петербурга,Арбитражным судом города Санкт-Петербурга
Арбитражный суд Ивановской области,Арбитражным судом Ивановской области
АРБИТРАЖНЫЙ СУД ИРКУТСКОЙ ОБЛАСТИ,АРБИТРАЖНЫм СУДом ИРКУТСКОЙ ОБЛАСТИ
Арбитражный суд Калининградской области,Арбитражным судом Калининградской области
АРБИТРАЖНЫЙ СУД КАЛУЖСКОЙ ОБЛАСТИ,АРБИТРАЖНЫм СУДом КАЛУЖСКОЙ ОБЛАСТИ
АРБИТРАЖНЫЙ СУД КАМЧАТСКОГО КРАя,АРБИТРАЖНЫм СУДом КАМЧАТСКОГО КРАя
АРБИТРАЖНЫЙ СУД КЕМЕРОВСКОЙ ОБЛАСТИ,АРБИТРАЖНЫм СУДом КЕМЕРОВСКОЙ ОБЛАСТИ
АРБИТРАЖНЫЙ СУД КИРОВСКОЙ ОБЛАСТИ,АРБИТРАЖНЫм СУДом КИРОВСКОЙ ОБЛАСТИ
АРБИТРАЖНЫЙ СУД КОСТРОМСКОЙ ОБЛАСТИ,АРБИТРАЖНЫм СУДом КОСТРОМСКОЙ ОБЛАСТИ
АРБИТРАЖНЫЙ СУД КРАСНОДАРСКОГО КРАЯ,АРБИТРАЖНЫм СУДом КРАСНОДАРСКОГО КРАЯ
Арбитражный суд Красноярского края,Арбитражным судом Красноярского края
АРБИТРАЖНЫЙ СУД КУРГАНСКОЙ ОБЛАСТИ,АРБИТРАЖНЫм СУДом КУРГАНСКОЙ ОБЛАСТИ
АРБИТРАЖНЫЙ СУД КУРСКОЙ ОБЛАСТИ,АРБИТРАЖНЫм СУДом КУРСКОЙ ОБЛАСТИ
Арбитражный суд Липецкой области,Арбитражным судом Липецкой области
Арбитражный суд Московской области,Арбитражным судом Московской области
Арбитражный суд Мурманской области,Арбитражным судом Мурманской области
Арбитражный суд Нижегородской области,Арбитражным судом Нижегородской области
Арбитражный суд Новгородской области,Арбитражным судом Новгородской области
АРБИТРАЖНЫЙ СУД НОВОСИБИРСКОЙ ОБЛАСТИ,АРБИТРАЖНЫм СУДом НОВОСИБИРСКОЙ ОБЛАСТИ
Арбитражный суд Омской области,Арбитражным судом Омской области
Арбитражный суд Оренбургской области,Арбитражным судом Оренбургской области
АРБИТРАЖНЫЙ СУД ОРЛОВСКОЙ ОБЛАСТИ,АРБИТРАЖНЫм СУДом ОРЛОВСКОЙ ОБЛАСТИ
Арбитражный суд Пензенской области,Арбитражным судом Пензенской области
Арбитражный суд Пермского края,Арбитражным судом Пермского края
Арбитражный суд Приморского края,Арбитражным судом Приморского края
Арбитражный суд Псковской области,Арбитражным судом Псковской области
Арбитражный суд Республики Адыгея,Арбитражным судом Республики Адыгея
Арбитражный суд Республики Алтай,Арбитражным судом Республики Алтай
Арбитражный суд Республики Башкортостан,Арбитражным судом Республики Башкортостан
АРБИТРАЖНЫЙ СУД РЕСПУБЛИКИ БУРЯТИЯ,АРБИТРАЖНЫм СУДом РЕСПУБЛИКИ БУРЯТИЯ
Арбитражный суд Республики Дагестан,Арбитражным судом Республики Дагестан
Арбитражный суд Республики Карелия,Арбитражным судом Республики Карелия
Арбитражный суд республики Крым,Арбитражным судом республики Крым
АРБИТРАЖНЫЙ СУД РЕСПУБЛИКИ МАРИЙ ЭЛ,АРБИТРАЖНЫм СУДом РЕСПУБЛИКИ МАРИЙ ЭЛ
Арбитражный суд Республики Мордовия,Арбитражным судом Республики Мордовия
Арбитражный суд Республики Татарстан,Арбитражным судом Республики Татарстан
АРЗАМАССКИЙ ГОРОД СУД НИЖЕГОРОДСКОЙ ОБЛАСТИ,АРЗАМАССКИм ГОРОДским СУДом НИЖЕГОРОДСКОЙ ОБЛАСТИ
Армавирский городской суд Краснодарского края,Армавирским городским судом Краснодарского края
Арсеньевский городской суд Приморского края,Арсеньевским городским судом Приморского края
АРСКИЙ Р-ЫЙ СУД РЕСП.ТАТАРСТАН,АРСКИМ Р-Ым СУДом РЕСП.ТАТАРСТАН
АРТЕМОВСКИЙ ГОРОД СУД ПРИМОРСКОГО КРАЯ,АРТЕМОВСКИм ГОРОДСКИМ СУДом ПРИМОРСКОГО КРАЯ
АРТЁМОВСКИЙ ГОРОДСКОЙ СУД ПРИМОРСКОГО КРАЯ,АРТЁМОВСКИм ГОРОДСКим СУДом ПРИМОРСКОГО КРАЯ
АРТЁМОВСКИЙ ГОРОДСКОЙ СУД СВЕРДЛОВСКОЙ ОБЛАСТИ,АРТЁМОВСКИм ГОРОДСКим СУДом СВЕРДЛОВСКОЙ ОБЛАСТИ
АС Алтайского края,АСом Алтайского края
АС Амурской области,АСом Амурской области
АС АРХАНГЕЛЬСКОЙ ОБЛАСТИ,АСом АРХАНГЕЛЬСКОЙ ОБЛАСТИ
АС Астраханской области,АСом Астраханской области
АС БЕЛГОРОДСКОЙ ОБЛАСТИ,АСом БЕЛГОРОДСКОЙ ОБЛАСТИ
АС БРЯНСКОЙ ОБЛАСТИ,АСом БРЯНСКОЙ ОБЛАСТИ
АС ВЛАДИМИРСКОЙ ОБЛАСТИ,АСом ВЛАДИМИРСКОЙ ОБЛАСТИ
АС ВОЛГОГРАДСКОЙ ОБЛАСТИ,АСом ВОЛГОГРАДСКОЙ ОБЛАСТИ
АС ВОЛОГОДСКОЙ ОБЛАСТИ,АСом ВОЛОГОДСКОЙ ОБЛАСТИ
АС ВОРОНЕЖСКОЙ ОБЛАСТИ,АСом ВОРОНЕЖСКОЙ ОБЛАСТИ
АС города Санкт-Петербург и Ленинградской области,АСом города Санкт-Петербурга и Ленинградской области
АС ГОРОДА МОСКВЫ,АСом ГОРОДА МОСКВЫ
АС города Санкт-Петербурга,АСом города Санкт-Петербурга
АС города Санкт-Петербурга и ЛО,АСом города Санкт-Петербурга и ЛО
АС ГОРОДА СЕВАСТОПОЛЯ,АСом ГОРОДА СЕВАСТОПОЛЯ
АС Г.САНКТ-ПЕТЕРБУРГА И ЛО,АСом Г.САНКТ-ПЕТЕРБУРГА И ЛО
АС Г.СПБ И ЛО,АСом Г.СПБ И ЛО
АС Еврейской автономной области,АСом Еврейской автономной области
АС Забайкальского края,АСом Забайкальского края
АС Западно-Сибирского округа,АСом Западно-Сибирского округа
АС Ивановской области,АСом Ивановской области
АС ИРКУТСКОЙ ОБЛ.,АСом ИРКУТСКОЙ ОБЛ.
АС Иркутской области,АСом Иркутской области
АС Кабардино-Балкарской Республики,АСом Кабардино-Балкарской Республики
АС Калининградской области,АСом Калининградской области
АС Калужской области,АСом Калужской области
АС Карачаево-Черкесской Республики,АСом Карачаево-Черкесской Республики
АС Кемеровской области,АСом Кемеровской области
АС КИРОВСКОЙ ОБЛАСТИ,АСом КИРОВСКОЙ ОБЛАСТИ
АС КОСТРОМСКОЙ ОБЛАСТИ,АСом КОСТРОМСКОЙ ОБЛАСТИ
АС Краснодарского края,АСом Краснодарского края
АС Красноярского кр.,АСом Красноярского кр.
АС Красноярского края,АСом Красноярского края
АС КУРГАНСКОЙ ОБЛАСТИ,АСом КУРГАНСКОЙ ОБЛАСТИ
АС КУРСКОЙ ОБЛАСТИ,АСом КУРСКОЙ ОБЛАСТИ
АС ЛИПЕЦКОЙ ОБЛАСТИ,АСом ЛИПЕЦКОЙ ОБЛАСТИ
АС Магаданской области,АСом Магаданской области
АС МО,АСом МО
АС Московского округа,АСом Московского округа
АС МОСКОВСКОЙ ОБЛАСТИ,АСом МОСКОВСКОЙ ОБЛАСТИ
АС МУРМАНСКОЙ ОБЛАСТИ,АСом МУРМАНСКОЙ ОБЛАСТИ
АС НИЖЕГОРОДСКОЙ ОБЛ.,АСом НИЖЕГОРОДСКОЙ ОБЛ.
АС НИЖЕГОРОДСКОЙ ОБЛАСТИ,АСом НИЖЕГОРОДСКОЙ ОБЛАСТИ
АС НОВГОРОДСКОЙ ОБЛАСТИ,АСом НОВГОРОДСКОЙ ОБЛАСТИ
АС НОВОСИБИРСКОЙ ОБЛАСТИ,АСом НОВОСИБИРСКОЙ ОБЛАСТИ
АС Омской области,АСом Омской области
АС Оренбургской области,АСом Оренбургской области
АС Орловской области,АСом Орловской области
АС ПЕНЗЕНСКОЙ ОБЛАСТИ,АСом ПЕНЗЕНСКОЙ ОБЛАСТИ
АС ПЕРМСКОГО КРАЯ,АСом ПЕРМСКОГО КРАЯ
АС Поволжского округа,АСом Поволжского округа
АС Приморского края,АСом Приморского края
АС Псковской области,АСом Псковской области
АС РЕСП. БАШКОРТОСТАН,АСом РЕСП. БАШКОРТОСТАН
АС РЕСП. ТАТАРСТАН,АСом РЕСП. ТАТАРСТАН
АС РЕСП.МОРДОВИЯ,АСом РЕСП.МОРДОВИЯ
АС РЕСПУБЛИКА КАЛМЫКИЯ,АСом РЕСПУБЛИКА КАЛМЫКИЯ
АС РЕСПУБЛИКА КОМИ,АСом РЕСПУБЛИКА КОМИ
АС РЕСПУБЛИКИ АЛТАЙ,АСом РЕСПУБЛИКИ АЛТАЙ
АС Республики Башкортостан,АСом Республики Башкортостан
АС РЕСПУБЛИКИ БУРЯТИЯ,АСом РЕСПУБЛИКИ БУРЯТИЯ
АС Республики Дагестан,АСом Республики Дагестан
АС Республики Ингушетия,АСом Республики Ингушетия
АС РЕСПУБЛИКИ КАЛМЫКИЯ,АСом РЕСПУБЛИКИ КАЛМЫКИЯ
АС Республики Карелия,АСом Республики Карелия
АС Республики Коми,АСом Республики Коми
АС Республики Крым,АСом Республики Крым
АС РЕСПУБЛИКИ МАРИЙ ЭЛ,АСом РЕСПУБЛИКИ МАРИЙ ЭЛ
АС Республики Мордовия,АСом Республики Мордовия
АС Республики Саха,АСом Республики Саха
АС РЕСПУБЛИКИ СЕВЕРНАЯ ОСЕТИЯ-АЛАНИЯ,АСом РЕСПУБЛИКИ СЕВЕРНАЯ ОСЕТИЯ-АЛАНИЯ
АС Республики Татарстан,АСом Республики Татарстан
АС РЕСПУБЛИКИ ТЫВА,АСом РЕСПУБЛИКИ ТЫВА
АС РЕСП.ХАКАСИЯ,АСом РЕСП.ХАКАСИЯ
АС РО,АСом РО
АС РОСТОВСКОЙ ОБЛ.,АСом РОСТОВСКОЙ ОБЛ.
АС РОСТОВСКОЙ ОБЛАСТИ,АСом РОСТОВСКОЙ ОБЛАСТИ
АС РЯЗАНСКОЙ ОБЛАСТИ,АСом РЯЗАНСКОЙ ОБЛАСТИ
Аскизский районный суд Республики Хакасия,Аскизским районным судом Республики Хакасия
Ачинский городской суд Красноярского края,Ачинским городским судом Красноярского края
АШИНСКИЙ ГОРОДСКОЙ СУД ЧЕЛЯБИНСКОЙ ОБЛАСТИ,АШИНСКИм ГОРОДСКим СУДом ЧЕЛЯБИНСКОЙ ОБЛАСТИ
Бабушкинский районный суд,Бабушкинским районным судом
Бабушкинский районный суд г. Москвы,Бабушкинским районным судом г. Москвы
Бабушкинский районный суд города Москвы,Бабушкинским районным судом города Москвы
БАБУШКИНСКИЙ Р-ЫЙ СУД Г.МОСКВЫ,БАБУШКИНСКИм Р-Ым СУДом Г.МОСКВЫ
БАГАЕВСКИЙ Р-ЫЙ СУД,БАГАЕВСКИм Р-Ым СУДом
БАЗАРНО-КАРАБУЛАКСКИЙ Р-ЫЙ СУД САРАТОВСКОЙ ОБЛАСТИ,БАЗАРНО-КАРАБУЛАКСКИм Р-Ым СУДом САРАТОВСКОЙ ОБЛАСТИ
БАЙМАКСКИЙ Р-ЫЙ СУД РБ,БАЙМАКСКИм Р-Ым СУДом РБ
БАЙСАНГУРОВСКИЙ РАЙОННЫЙ СУД Г. ГРОЗНОГО,БАЙСАНГУРОВСКИм РАЙОННЫм СУДом Г. ГРОЗНОГО
БАЛАКЛАВСКИЙ Р-ЫЙ СУД Г.СЕВАСТОПОЛЯ,БАЛАКЛАВСКИм Р-Ым СУДом Г.СЕВАСТОПОЛЯ
БАЛАКОВСКИЙ РАЙОННЫЙ СУД CАРАТОВСКОЙ ОБЛАСТИ,БАЛАКОВСКИм РАЙОННЫм СУДом CАРАТОВСКОЙ ОБЛАСТИ
БАЛАКОВСКИЙ Р-ЫЙ СУД САРАТОВСКОЙ ОБЛАСТИ,БАЛАКОВСКИм Р-Ым СУДом САРАТОВСКОЙ ОБЛАСТИ
БАЛАХНИНСКИЙ ГОРОДСКОЙ СУД Г.БАЛАХНА,БАЛАХНИНСКИм ГОРОДСКим СУДом Г.БАЛАХНА
БАЛАШИХИНСКИЙ ГОРОД. СУД МО,БАЛАШИХИНСКИм ГОРОДским СУДом МО
БАЛАШИХИНСКИЙ ГОРОДСКОЙ СУД  МО,БАЛАШИХИНСКИм ГОРОДСКим СУДом  МО
Балашовский районный суд саратовской области,Балашовским районным судом саратовской области
БАЛТАСИНСКИЙ Р-ЫЙ СУД РТ,БАЛТАСИНСКИм Р-Ым СУДом РТ
БАРАБИНСКИЙ Р-ЫЙ СУД НОВОСИБИРСКОЙ ОБЛ.,БАРАБИНСКИм Р-Ым СУДом НОВОСИБИРСКОЙ ОБЛ.
БАРГУЗИНСКИЙ Р-ЫЙ СУД РЕСП.БУРЯТИЯ,БАРГУЗИНСКИм Р-Ым СУДом РЕСП.БУРЯТИЯ
БАРЫШСКИЙ ГОРОДСКОЙ СУД,БАРЫШСКИм ГОРОДСКим СУДом
Басманный районный суд г.Москвы,Басманным районным судом г.Москвы
Басманный районный суд города Москвы,Басманным районным судом города Москвы
БАСМАННЫЙ Р-ЫЙ СУД Г.МОСКВЫ,БАСМАННЫм Р-Ым СУДом Г.МОСКВЫ
БАТАЙСКИЙ ГОРОД. СУД РОСТОВСКОЙ ОБЛ.,БАТАЙСКИм ГОРОДским СУДом РОСТОВСКОЙ ОБЛ.
Батайский городской суд Ростовской области,Батайским городским судом Ростовской области
БАТАЙСКИЙ ГОРОДСКОЙ СУД РОСТОВСКОЙ ОБЛАСТИ,БАТАЙСКИм ГОРОДСКим СУДом РОСТОВСКОЙ ОБЛАСТИ
БАТЫРЕВСКИЙ Р-ЫЙ СУД ЧУВАШСКОЙ РЕСП.,БАТЫРЕВСКИм Р-Ым СУДом ЧУВАШСКОЙ РЕСП.
БАХЧИСАРАЙСКИЙ Р-ЫЙ СУД РЕСП.КРЫМ,БАХЧИСАРАЙСКИм Р-Ым СУДом РЕСП.КРЫМ
БЕЛГОРОДСКИЙ ГОРОД. СУД БЕЛГОРОДСКОЙ ОБЛ.,БЕЛГОРОДСКИм ГОРОДским СУДом БЕЛГОРОДСКОЙ ОБЛ.
БЕЛГОРОДСКИЙ РАЙОННЫЙ СУД БЕЛГОРОДСКОЙ ОБЛАСТИ,БЕЛГОРОДСКИм РАЙОННЫм СУДом БЕЛГОРОДСКОЙ ОБЛАСТИ
БЕЛГОРОДСКИЙ Р-ЫЙ СУД БЕЛГОРОДСКОЙ ОБЛ.,БЕЛГОРОДСКИм Р-Ым СУДом БЕЛГОРОДСКОЙ ОБЛ.
БЕЛЕБЕЕВСКИЙ ГОРОДСКОЙ СУД,БЕЛЕБЕЕВСКИм ГОРОДСКим СУДом
БЕЛИНСКИЙ Р-ЫЙ СУД ПЕНЗЕНСКАЯ ОБ.,БЕЛИНСКИм Р-Ым СУДом ПЕНЗЕНСКой ОБласти
БЕЛОВСКИЙ ГОРОДСКОЙ СУД КЕМЕРОВСКОЙ ОБЛАСТИ,БЕЛОВСКИм ГОРОДСКим СУДом КЕМЕРОВСКОЙ ОБЛАСТИ
БЕЛОВСКИЙ Р-ЫЙ СУД КЕМЕРОВСКОЙ ОБЛАСТИ,БЕЛОВСКИм Р-Ым СУДом КЕМЕРОВСКОЙ ОБЛАСТИ
БЕЛОГОРСКИЙ Р-ЫЙ СУД,БЕЛОГОРСКИм Р-Ым СУДом
БЕЛОКАТАЙСКИЙ МЕЖРАЙОННЫЙ СУД РЕСП.БАШКОРТОСТАН,БЕЛОКАТАЙСКИм МЕЖРАЙОННЫм СУДом РЕСП.БАШКОРТОСТАН
БЕЛОРЕЦКИЙ МЕЖРАЙОННЫЙ СУД РБ,БЕЛОРЕЦКИм МЕЖРАЙОННЫм СУДом РБ
БЕЛОРЕЧЕНСКИЙ РАЙОННЫЙ СУД КРАСНОДАРСКОГО КРАЯ,БЕЛОРЕЧЕНСКИм РАЙОННЫм СУДом КРАСНОДАРСКОГО КРАЯ
БЕЛОРЕЧЕНСКИЙ Р-ЫЙ СУД,БЕЛОРЕЧЕНСКИм Р-Ым СУДом
БЕЛОЯРСКИЙ РАЙОННЫЙ СУД СВЕРДЛОВСКОЙ ОБЛАСТИ,БЕЛОЯРСКИм РАЙОННЫм СУДом СВЕРДЛОВСКОЙ ОБЛАСТИ
БЕЛЯЕВСКИЙ Р-ЫЙ СУД ОРЕНБУРГСКОЙ ОБЛАСТИ,БЕЛЯЕВСКИм Р-Ым СУДом ОРЕНБУРГСКОЙ ОБЛАСТИ
БЕРДСКИЙ ГОРОД. СУД НОВОСИБИРСКОЙ ОБЛ.,БЕРДСКИм ГОРОДским СУДом НОВОСИБИРСКОЙ ОБЛасти
БЕРДСКИЙ ГОРОДСКОЙ СУД НОВОСИБИРСКОЙ ОБЛАСТИ,БЕРДСКИм ГОРОДСКим СУДом НОВОСИБИРСКОЙ ОБЛАСТИ
Березниковский городской суд Пермского края,Березниковским городским судом Пермского края
БЕРЕЗНИКОВСКИЙ ГОРОДСКОЙ СУД ПЕРМСКОГО КРАЯ,БЕРЕЗНИКОВСКИм ГОРОДСКим СУДом ПЕРМСКОГО КРАЯ
БЕРЁЗОВСКИЙ ГОРОДСКОЙ СУД КЕМЕРОВСКОЙ ОБЛАСТИ,БЕРЁЗОВСКИм ГОРОДСКим СУДом КЕМЕРОВСКОЙ ОБЛасти
БЕРЁЗОВСКИЙ ГОРОДСКОЙ СУД СВЕРДЛОВСКАЯ ОБЛАСТЬ,БЕРЁЗОВСКИм ГОРОДСКим СУДом СВЕРДЛОВСКой ОБЛАСТи
БЕССОНОВСКИЙ Р-ЫЙ СУД ПЕНЗЕНСКАЯ ОБЛ.,БЕССОНОВСКИм Р-Ым СУДом ПЕНЗЕНСКой ОБЛасти
Бийский городской суд Алтайского края,Бийским городским судом Алтайского края
БИЙСКИЙ Р-ЫЙ СУД АК,БИЙСКИм Р-Ым СУДом АК
Бикинский городской суд Хабаровского края,Бикинским городским судом Хабаровского края
БИРОБИДЖАНСКИЙ Р-ЫЙ СУД ЕАО,БИРОБИДЖАНСКИм Р-Ым СУДом ЕАО
БИРСКИЙ МЕЖРАЙОННЫЙ СУД РЕСП.БАШКОРТОСТАН,БИРСКИм МЕЖРАЙОННЫм СУДом РЕСП.БАШКОРТОСТАН
БИЧУРСКИЙ РАЙОННЫЙ СУД РЕСПУБЛИКИ БУРЯТИЯ,БИЧУРСКИм РАЙОННЫм СУДом РЕСПУБЛИКИ БУРЯТИЯ
БЛАГОВАРСКИЙ М-ЫЙ СУД РБ,БЛАГОВАРСКИм М-Ым СУДом РБ
БЛАГОВЕЩЕНСКИЙ ГОРОД. СУД Г.БЛАГОВЕЩЕНСК,БЛАГОВЕЩЕНСКИм ГОРОДским СУДом Г.БЛАГОВЕЩЕНСК
БЛАГОВЕЩЕНСКИЙ ГОРОДСКОЙ СУД АМУРСКОЙ ОБЛАСТИ,БЛАГОВЕЩЕНСКИм ГОРОДСКим СУДом АМУРСКОЙ ОБЛАСТИ
Благовещенский районный суд РБ,Благовещенским районным судом РБ
БЛАГОВЕЩЕНСКИЙ Р-ЫЙ СУД РБ,БЛАГОВЕЩЕНСКИм Р-Ым СУДом РБ
БЛАГОДАРНЕНСКИЙ Р-ЫЙ СУД СТАВРОПОЛЬСКИЙ КРАЙ,БЛАГОДАРНЕНСКИм Р-Ым СУДом СТАВРОПОЛЬСКого КРАя
БОБРОВСКИЙ Р-ЫЙ СУД ВОРОНЕЖСКОЙ ОБЛ.,БОБРОВСКИм Р-Ым СУДом ВОРОНЕЖСКОЙ ОБЛ.
БОГАТОВСКИЙ Р-ЫЙ СУД САМАРСКОЙ ОБЛ.,БОГАТОВСКИм Р-Ым СУДом САМАРСКОЙ ОБЛ.
Богородицкий межрайонный суд Тульской области,Богородицким межрайонным судом Тульской области
Богородский Городской Суд,Богородским Городским Судом
БОГОРОДСКИЙ ГОРОДСКОЙ СУД НИЖЕГОРОДСКОЙ ОБЛ.,БОГОРОДСКИм ГОРОДСКим СУДом НИЖЕГОРОДСКОЙ ОБЛ.
Бологовский городской суд Тверской области,Бологовским городским судом Тверской области
БОЛЬШЕМУРАШКИНСКИЙ Р-ЫЙ СУД НИЖЕГОРОДСКОЙ ОБЛАСТИ,БОЛЬШЕМУРАШКИНСКИм Р-Ым СУДом НИЖЕГОРОДСКОЙ ОБЛАСТИ
БОРСКИЙ ГОРОДСКОЙ СУД НИЖЕГОРОДСКАЯ ОБЛ.,БОРСКИм ГОРОДСКим СУДом НИЖЕГОРОДСКой ОБЛ.
БОРСКИЙ ГОРОДСКОЙ СУД НИЖЕГОРОДСКОЙ ОБЛАСТИ,БОРСКИм ГОРОДСКим СУДом НИЖЕГОРОДСКОЙ ОБЛАСТИ
БРАТСКИЙ ГОРОДСКОЙ СУД ИРКУТСКОЙ ОБЛАСТИ,БРАТСКИм ГОРОДСКим СУДом ИРКУТСКОЙ ОБЛАСТИ
БРЕДИНСКИЙ Р-ЫЙ СУД,БРЕДИНСКИм Р-Ым СУДом
БУГУЛЬМИНСКИЙ ГОРОДСКОЙ СУД РТ,БУГУЛЬМИНСКИм ГОРОДСКим СУДом РТ
БУДЕННОВСКИЙ ГОРОДСКОЙ СУД СТАВРОПОЛЬСКОГО КРАЯ,БУДЕННОВСКИм ГОРОДСКим СУДом СТАВРОПОЛЬСКОГО КРАЯ
БУЙНАКСКИЙ ГОРОДСКОЙ СУД РЕСПУБЛИКИ ДАГЕСТАН,БУЙНАКСКИм ГОРОДСКим СУДом РЕСПУБЛИКИ ДАГЕСТАН
Буйнакский районный суд Республики Дагестана,Буйнакским районным судом Республики Дагестана
БУЙНАКСКИЙ Р-ЫЙ СУД РЕСПУБЛИКИ ДАГЕСТАН,БУЙНАКСКИм Р-Ым СУДом РЕСПУБЛИКИ ДАГЕСТАН
БУЙСКИЙ Р-ЫЙ СУД КОСТРОМСКОЙ ОБЛАСТИ,БУЙСКИм Р-Ым СУДом КОСТРОМСКОЙ ОБЛАСТИ
БУТУРЛИНСКИЙ Р-ЫЙ СУД НИЖЕГОРОДСКОЙ ОБЛ.,БУТУРЛИНСКИм Р-Ым СУДом НИЖЕГОРОДСКОЙ ОБЛ.
Бутырский районный суд г. Москвы,Бутырским районным судом г. Москвы
Бутырский районный суд города Москвы,Бутырским районным судом города Москвы
БУТЫРСКИЙ Р-ЫЙ СУД Г.МОСКВЫ,БУТЫРСКИм Р-Ым СУДом Г.МОСКВЫ
ВАГАЙСКИЙ Р-ЫЙ СУД ТЮМЕНСКОЙ ОБЛАСТИ,ВАГАЙСКИм Р-Ым СУДом ТЮМЕНСКОЙ ОБЛАСТИ
Валдайский районный суд Новгородской области,Валдайским районным судом Новгородской области
ВАНИНСКИЙ РАЙОННЫЙ СУД ХАБАРОВСКОГО КРАЯ,ВАНИНСКИм РАЙОННЫм СУДом ХАБАРОВСКОГО КРАЯ
ВАНИНСКИЙ Р-ЫЙ СУД,ВАНИНСКИм Р-Ым СУДом
ВАНИНСКИЙ Р-ЫЙ СУД ХБ,ВАНИНСКИм Р-Ым СУДом ХБ
ВАРНАВИНСКИЙ РАЙОННЫЙ СУД НИЖЕГОРОДСКОЙ ОБЛАСТИ,ВАРНАВИНСКИм РАЙОННЫм СУДом НИЖЕГОРОДСКОЙ ОБЛАСТИ
Василеостровский районный суд  города Санкт-Петербурга,Василеостровским районным судом города Санкт-Петербурга
Василеостровский районный суд г. Санкт-Петербурга,Василеостровским районным судом г. Санкт-Петербурга
ВАСИЛЕОСТРОВСКИЙ РАЙОННЫЙ СУД ГОРОДА САНКТ-ПЕТЕРБУРГА,ВАСИЛЕОСТРОВСКИм РАЙОННЫм СУДом ГОРОДА САНКТ-ПЕТЕРБУРГА
ВАСИЛЕОСТРОВСКИЙ Р-ЫЙ СУД Г.СПБ,ВАСИЛЕОСТРОВСКИм Р-Ым СУДом Г.СПБ
ВАСИЛЕОСТРОВСКИЙ Р-ЫЙ СУД САНКТ-ПЕТЕРБУРГА,ВАСИЛЕОСТРОВСКИм Р-Ым СУДом САНКТ-ПЕТЕРБУРГА
ВАХИТОВСКИЙ РАЙОННЫЙ СУД Г. КАЗАНИ,ВАХИТОВСКИм РАЙОННЫм СУДом Г. КАЗАНИ
ВАХИТОВСКИЙ Р-ЫЙ СУД Г.КАЗАНИ,ВАХИТОВСКИм Р-Ым СУДом Г.КАЗАНИ
Великолукский районный суд Псковской области,Великолукским районным судом Псковской области
Верещагинский районный суд Пермского края,Верещагинским районным судом Пермского края
Верещагинский районный суд Пермского края,Верещагинским районным судом Пермского края
Верх-Исетский районный суд г. Екатеринбурга,Верх-Исетским районным судом г. Екатеринбурга
Верх-Исетский районный суд г. Екатеринбурга  Свердловской области,Верх-Исетским районным судом г. Екатеринбурга  Свердловской области
ВЕРХ-ИСЕТСКИЙ РАЙОННЫЙ СУД Г. ЕКАТЕРИНБУРГА СВЕРДЛОВСКОЙ ОБЛАСТИ,ВЕРХ-ИСЕТСКИм РАЙОННЫм СУДом Г. ЕКАТЕРИНБУРГА СВЕРДЛОВСКОЙ ОБЛАСТИ
ВЕРХ-ИСЕТСКИЙ Р-ЫЙ СУД Г.ЕКАТЕРИНБУРГА,ВЕРХ-ИСЕТСКИм Р-Ым СУДом Г.ЕКАТЕРИНБУРГА
ВЕРХНЕПЫШМИНСКИЙ ГОРОДСКОЙ СУД СВЕРДЛОВСКОЙ ОБЛАСТИ,ВЕРХНЕПЫШМИНСКИм ГОРОДСКим СУДом СВЕРДЛОВСКОЙ ОБЛАСТИ
ВЕРХНЕСАЛДИНСКИЙ Р-ЫЙ СУД,ВЕРХНЕСАЛДИНСКИм Р-Ым СУДом
ВЕРХНЕУСЛОНСКИЙ Р-ЫЙ СУД РТ,ВЕРХНЕУСЛОНСКИм Р-Ым СУДом РТ
ВЕРХОТУРСКИЙ Р-ЫЙ СУД Г.НОВАЯ ЛЯЛЯ,ВЕРХОТУРСКИм Р-Ым СУДом Г.НОВАЯ ЛЯЛЯ
ВЕРХОТУРСКИЙ Р-ЫЙ СУД СВЕРДЛОВСКОЙ ОБЛАСТИ,ВЕРХОТУРСКИм Р-Ым СУДом СВЕРДЛОВСКОЙ ОБЛАСТИ
ВИДНОВСКИЙ ГОРОДСКОЙ СУД МОСКОВСКОЙ ОБЛАСТИ,ВИДНОВСКИм ГОРОДСКим СУДом МОСКОВСКОЙ ОБЛАСТИ
ВЛАДИМИРСКИЙ ОБЛАСТНОЙ СУД,ВЛАДИМИРСКИм ОБЛАСТНым СУДом
Водненский судебный участок г. Ухты Республики Коми,Водненским судебным участоком г. Ухты Республики Коми
ВОЛГОГРАДСКИЙ ОБЛАСТНОЙ СУД,ВОЛГОГРАДСКИм ОБЛАСТНым СУДом
ВОЛГОДОНСКОЙ РАЙОННЫЙ СУД РОСТОВСКОЙ ОБЛАСТИ,ВОЛГОДОНСКим РАЙОННЫм СУДом РОСТОВСКОЙ ОБЛАСТИ
ВОЛЖСКИЙ ГОРОД. СУД ВОЛГОГРАДСКОЙ ОБЛ.,ВОЛЖСКИм ГОРОДским СУДом ВОЛГОГРАДСКОЙ ОБЛ.
ВОЛЖСКИЙ ГОРОДСКОЙ СУД,ВОЛЖСКИм ГОРОДСКим СУДом
Волжский городской суд Волгоградской области,Волжским городским судом Волгоградской области
Волжский городской суд Волгоградской области,Волжским городским судом Волгоградской области
ВОЛЖСКИЙ ГОРОДСКОЙ СУД РМЭ,ВОЛЖСКИм ГОРОДСКим СУДом РМЭ
Волжский районный суд Самарской области,Волжским районным судом Самарской области
ВОЛЖСКИЙ РАЙОННЫЙ СУД ГОРОДА САРАТОВА,ВОЛЖСКИм РАЙОННЫм СУДом ГОРОДА САРАТОВ
Волжский районный суд Самарской области,Волжским районным судом Самарской области
ВОЛЖСКИЙ Р-ЫЙ СУД Г.САРАТОВА,ВОЛЖСКИм Р-Ым СУДом Г.САРАТОВ
ВОЛЖСКИЙ Р-ЫЙ СУД САМАРСКОЙ ОБЛ.,ВОЛЖСКИм Р-Ым СУДом САМАРСКОЙ ОБЛ.
ВОЛОГДСКИЙ ГОРОДСКОЙ СУД,ВОЛОГДСКИм ГОРОДСКим СУДом
ВОЛОГОДСКИЙ ГОРОДСКОЙ СУД,ВОЛОГОДСКИм ГОРОДСКим СУДом
Вологодский городской суд Вологодской области,Вологодским городским судом Вологодской области
Вологодский районный суд Вологодской области,Вологодским районным судом Вологодской области
ВОЛОДАРСКИЙ Р-ЫЙ СУД НИЖЕГОРОДСКОЙ ОБЛАСТИ,ВОЛОДАРСКИм Р-Ым СУДом НИЖЕГОРОДСКОЙ ОБЛАСТИ
ВОЛОКОЛАМСКИЙ ГОРОД. СУД МО,ВОЛОКОЛАМСКИм ГОРОДским СУДом МО
ВОЛОКОНОВСКИЙ Р-ЫЙ СУД БЕЛГОРОДСКОЙ ОБЛАСТИ,ВОЛОКОНОВСКИм Р-Ым СУДом БЕЛГОРОДСКОЙ ОБЛАСТИ
ВОЛЬСКИЙ Р-ЫЙ СУД САРАТОВСКОЙ ОБЛАСТИ,ВОЛЬСКИм Р-Ым СУДом САРАТОВСКОЙ ОБЛАСТИ
Ворошиловский районный суд г. Ростова-на-Дону,Ворошиловским районным судом г. Ростов-на-Дону
ВОРОШИЛОВСКИЙ РАЙОННЫЙ СУД Г. РОСТОВА-НА-ДОНУ,ВОРОШИЛОВСКИм РАЙОННЫм СУДом Г. РОСТОВ-НА-ДОНУ
Ворошиловский районный суд г.Волгоград,Ворошиловским районным судом г.Волгоград
Ворошиловский районный суд города Волгоград,Ворошиловским районным судом города Волгоград
ВОРОШИЛОВСКИЙ Р-ЫЙ СУД Г.РОСТОВА-НА-ДОНУ,ВОРОШИЛОВСКИм Р-Ым СУДом Г.РОСТОВА-НА-ДОНУ
ВОСКРЕСЕНСКИЙ ГОРОДСКОЙ СУД МО,ВОСКРЕСЕНСКИм ГОРОДСКим СУДом МО
Воткинский р-ый суд УР,Воткинским р-ым судом УР
ВСЕВОЛОЖСКИЙ ГОРОД. СУД ЛЕНИНГРАДСКОЙ ОБЛАСТИ,ВСЕВОЛОЖСКИм ГОРОДским СУДом ЛЕНИНГРАДСКОЙ ОБЛАСТИ
ВСЕВОЛОЖСКИЙ ГОРОДСКОЙ СУД ЛЕНИНГРАДСКОЙ ОБЛАСТИ,ВСЕВОЛОЖСКИм ГОРОДСКим СУДом ЛЕНИНГРАДСКОЙ ОБЛАСТИ
ВЫБОРГСКИЙ ГОРОД. СУД ЛЕНИНГРАДСКОЙ ОБЛАСТИ,ВЫБОРГСКИм ГОРОДским СУДом ЛЕНИНГРАДСКОЙ ОБЛАСТИ
ВЫБОРГСКИЙ ГОРОДСКОЙ СУД ЛЕНИНГРАДСКОЙ ОБЛАСТИ,ВЫБОРГСКИм ГОРОДСКим СУДом ЛЕНИНГРАДСКОЙ ОБЛАСТИ
Выборгский районный суд  г. Санкт-Петербурга,Выборгским районным судом  г. Санкт-Петербурга
Выборгский районный суд г Санкт-Петербурга,Выборгским районным судом г Санкт-Петербурга
ВЫБОРГСКИЙ РАЙОННЫЙ СУД ГОРОДА САНКТ-ПЕТЕРБУРГА,ВЫБОРГСКИм РАЙОННЫм СУДом ГОРОДА САНКТ-ПЕТЕРБУРГА
ВЫБОРГСКИЙ Р-ЫЙ СУД Г.САНКТ-ПЕТЕРБУРГА,ВЫБОРГСКИм Р-Ым СУДом Г.САНКТ-ПЕТЕРБУРГА
ВЫКСУНСКИЙ ГОРОД. СУД НИЖЕГОРОДСКИЙ ОБЛ.,ВЫКСУНСКИм ГОРОДским СУДом НИЖЕГОРОДСКИЙ ОБЛ.
ВЫКСУНСКИЙ ГОРОДСКОЙ СУД,ВЫКСУНСКИм ГОРОДСКим СУДом
ВЫКСУНСКИЙ ГОРОДСКОЙ СУД НИЖЕГОРОДСКОЙ ОБЛАСТИ,ВЫКСУНСКИм ГОРОДСКим СУДом НИЖЕГОРОДСКОЙ ОБЛАСТИ
Выселковский районный суд Краснодарского края,Выселковским районным судом Краснодарского края
ВЫСОКОГОРСКИЙ Р-ЫЙ СУД РЕСП.ТАТАРСТАН,ВЫСОКОГОРСКИм Р-Ым СУДом РЕСП.ТАТАРСТАН
Гаврилов-Ямский районный суд Ярославской области,Гаврилов-Ямским районным судом Ярославской области
Гагаринский районный суд,Гагаринским районным судом
Гагаринский районный суд Г.МОСКВЫ,Гагаринским районным судом Г.МОСКВЫ
Гагаринский районный суд Севастополя,Гагаринским районным судом Севастополя
ГАГАРИНСКИЙ Р-ЫЙ СУД Г.СЕВАСТОПОЛЯ,ГАГАРИНСКИм Р-Ым СУДом Г.СЕВАСТОПОЛЯ
ГАГАРИНСКИЙ Р-ЫЙ СУД СМОЛЕНСКОЙ ОБЛАСТИ,ГАГАРИНСКИм Р-Ым СУДом СМОЛЕНСКОЙ ОБЛАСТИ
